pingine;asale
ACEH;Aceh
SUMATERA UTARA;Sumatera Utara
SUMATERA BARAT;Sumatera Barat
RIAU;Riau
JAMBI;Jambi
SUMATERA SELATAN;Sumatera Selatan
BENGKULU;Bengkulu
LAMPUNG;Lampung
KEP, BANGKA BELITUNG;Bangka-Belitung
KEP, RIAU;Kepulauan Riau
DKI JAKARTA;Jakarta Raya
JAWA BARAT;Jawa Barat
JAWA TENGAH;Jawa Tengah
DI YOGYAKARTA;Yogyakarta
JAWA TIMUR;Jawa Timur
BANTEN;Banten
BALI;Bali
NUSA TENGGARA BARAT;Nusa Tenggara Barat
NUSA TENGGARA TIMUR;Nusa Tenggara Timur
KALIMANTAN BARAT;Kalimantan Barat
KALIMANTAN TENGAH;Kalimantan Tengah
KALIMANTAN SELATAN;Kalimantan Selatan
KALIMANTAN TIMUR;Kalimantan Timur
KALIMANTAN UTARA;Kalimantan Utara
SULAWESI UTARA;Sulawesi Utara
SULAWESI TENGAH;Sulawesi Tengah
SULAWESI SELATAN;Sulawesi Selatan
SULAWESI TENGGARA;Sulawesi Tenggara
GORONTALO;Gorontalo
SULAWESI BARAT;Sulawesi Barat
MALUKU;Maluku
MALUKU UTARA;Maluku Utara
PAPUA BARAT;Papua Barat
PAPUA;Papua
